year,month,carrier,carrier_name,airport,airport_name,arr_flights,arr_del15,carrier_ct,weather_ct,nas_ct,security_ct,late_aircraft_ct,arr_cancelled,arr_diverted,arr_delay,carrier_delay,weather_delay,nas_delay,security_delay,late_aircraft_delay
2021,1,9E,Endeavor Air Inc.,ATL,"Atlanta, GA: Hartsfield-Jackson Atlanta International",5358.00,391.00,114.05,13.71,144.70,0.86,117.68,3.00,1.00,35063.00,16409.00,2003.00,7115.00,75.00,9461.00
2021,1,9E,Endeavor Air Inc.,BNA,"Nashville, TN: Nashville International",1.00,0.00,0.00,0.00,0.00,0.00,0.00,0.00,0.00,0.00,0.00,0.00,0.00,0.00,0.00
2021,1,9E,Endeavor Air Inc.,BOS,"Boston, MA: Logan International",21.00,2.00,0.46,0.00,1.38,0.00,0.17,0.00,0.00,45.00,11.00,0.00,30.00,0.00,4.00
2021,1,9E,Endeavor Air Inc.,BWI,"Baltimore, MD: Baltimore/Washington International Thurgood Marshall",54.00,9.00,4.13,0.00,4.80,0.00,0.07,0.00,0.00,382.00,262.00,0.00,114.00,0.00,6.00
2021,1,9E,Endeavor Air Inc.,CLT,"Charlotte, NC: Charlotte Douglas International",54.00,0.00,0.00,0.00,0.00,0.00,0.00,0.00,0.00,0.00,0.00,0.00,0.00,0.00,0.00
2021,1,9E,Endeavor Air Inc.,DAL,"Dallas, TX: Dallas Love Field",37.00,2.00,0.00,0.00,1.29,0.00,0.71,0.00,0.00,43.00,0.00,0.00,28.00,0.00,15.00
2021,1,9E,Endeavor Air Inc.,DCA,"Washington, DC: Ronald Reagan Washington National",19.00,0.00,0.00,0.00,0.00,0.00,0.00,2.00,0.00,0.00,0.00,0.00,0.00,0.00,0.00
2021,1,9E,Endeavor Air Inc.,DFW,"Dallas/Fort Worth, TX: Dallas/Fort Worth International",53.00,9.00,2.00,0.00,5.42,0.00,1.58,0.00,0.00,344.00,67.00,0.00,201.00,0.00,76.00
2021,1,9E,Endeavor Air Inc.,DTW,"Detroit, MI: Detroit Metro Wayne County",2276.00,160.00,42.16,4.70,60.85,0.00,52.30,1.00,0.00,16418.00,7085.00,1157.00,2088.00,0.00,6088.00
2021,1,9E,Endeavor Air Inc.,EWR,"Newark, NJ: Newark Liberty International",111.00,11.00,3.55,0.55,6.90,0.00,0.00,1.00,0.00,395.00,197.00,12.00,186.00,0.00,0.00
2021,1,9E,Endeavor Air Inc.,FLL,"Fort Lauderdale, FL: Fort Lauderdale-Hollywood International",12.00,2.00,0.00,0.00,1.30,0.00,0.70,0.00,0.00,150.00,0.00,0.00,122.00,0.00,28.00
2021,1,9E,Endeavor Air Inc.,IAD,"Washington, DC: Washington Dulles International",73.00,3.00,1.83,0.00,1.17,0.00,0.00,0.00,0.00,70.00,44.00,0.00,26.00,0.00,0.00
2021,1,9E,Endeavor Air Inc.,JFK,"New York, NY: John F. Kennedy International",177.00,15.00,5.72,0.00,4.40,0.00,4.88,1.00,0.00,483.00,169.00,0.00,100.00,0.00,214.00
2021,1,9E,Endeavor Air Inc.,LGA,"New York, NY: LaGuardia",233.00,6.00,2.00,0.76,3.24,0.00,0.00,1.00,0.00,338.00,161.00,22.00,155.00,0.00,0.00
2021,1,9E,Endeavor Air Inc.,MCO,"Orlando, FL: Orlando International",28.00,9.00,2.73,0.00,4.86,0.00,1.40,0.00,0.00,510.00,113.00,0.00,141.00,0.00,256.00
2021,1,9E,Endeavor Air Inc.,MSP,"Minneapolis, MN: Minneapolis-St Paul International",1673.00,115.00,31.45,6.47,34.79,0.00,42.28,2.00,0.00,9654.00,3003.00,836.00,1360.00,0.00,4455.00
2021,1,9E,Endeavor Air Inc.,ORD,"Chicago, IL: Chicago O'Hare International",10.00,1.00,0.00,0.00,1.00,0.00,0.00,0.00,0.00,23.00,0.00,0.00,23.00,0.00,0.00
2021,1,9E,Endeavor Air Inc.,PHL,"Philadelphia, PA: Philadelphia International",96.00,9.00,2.32,0.00,6.62,0.00,0.06,0.00,0.00,372.00,137.00,0.00,232.00,0.00,3.00
2021,1,9E,Endeavor Air Inc.,TPA,"Tampa, FL: Tampa International",17.00,2.00,0.00,0.00,2.00,0.00,0.00,0.00,0.00,82.00,0.00,0.00,82.00,0.00,0.00
2021,1,AA,American Airlines Inc.,ATL,"Atlanta, GA: Hartsfield-Jackson Atlanta International",371.00,38.00,17.70,1.00,14.35,0.00,4.95,1.00,1.00,2896.00,1234.00,54.00,1333.00,0.00,275.00
2021,1,AA,American Airlines Inc.,BNA,"Nashville, TN: Nashville International",282.00,20.00,14.42,0.00,3.67,0.00,1.92,4.00,0.00,1227.00,761.00,0.00,110.00,0.00,356.00
2021,1,AA,American Airlines Inc.,BOS,"Boston, MA: Logan International",610.00,44.00,20.05,0.50,12.18,0.64,10.63,5.00,0.00,2650.00,1457.00,25.00,411.00,15.00,742.00
2021,1,AA,American Airlines Inc.,BWI,"Baltimore, MD: Baltimore/Washington International Thurgood Marshall",229.00,26.00,9.85,0.08,8.79,0.00,7.28,0.00,0.00,1140.00,485.00,2.00,322.00,0.00,331.00
2021,1,AA,American Airlines Inc.,CLT,"Charlotte, NC: Charlotte Douglas International",5115.00,410.00,142.89,7.39,180.49,4.99,74.24,15.00,3.00,35197.00,18414.00,455.00,7310.00,370.00,8648.00
2021,1,AA,American Airlines Inc.,DCA,"Washington, DC: Ronald Reagan Washington National",711.00,47.00,17.46,1.17,13.43,0.90,14.04,7.00,0.00,2776.00,993.00,88.00,545.00,52.00,1098.00
2021,1,AA,American Airlines Inc.,DEN,"Denver, CO: Denver International",558.00,61.00,22.07,2.50,24.99,1.08,10.36,1.00,1.00,2815.00,1023.00,131.00,743.00,35.00,883.00
2021,1,AA,American Airlines Inc.,DFW,"Dallas/Fort Worth, TX: Dallas/Fort Worth International",7790.00,1155.00,237.70,65.52,700.30,2.21,149.28,92.00,20.00,85147.00,27433.00,7053.00,33674.00,59.00,16928.00
2021,1,AA,American Airlines Inc.,DTW,"Detroit, MI: Detroit Metro Wayne County",175.00,17.00,7.81,0.01,3.87,0.00,5.31,1.00,1.00,1091.00,463.00,1.00,176.00,0.00,451.00
2021,1,AA,American Airlines Inc.,EWR,"Newark, NJ: Newark Liberty International",277.00,21.00,7.99,1.56,6.45,0.00,5.00,3.00,0.00,856.00,284.00,74.00,217.00,0.00,281.00
2021,1,AA,American Airlines Inc.,FLL,"Fort Lauderdale, FL: Fort Lauderdale-Hollywood International",470.00,57.00,17.33,2.21,25.97,0.56,10.94,1.00,0.00,2677.00,739.00,189.00,975.00,14.00,760.00
2021,1,AA,American Airlines Inc.,IAD,"Washington, DC: Washington Dulles International",58.00,9.00,4.61,0.00,2.45,0.00,1.93,0.00,0.00,370.00,175.00,0.00,90.00,0.00,105.00
2021,1,AA,American Airlines Inc.,IAH,"Houston, TX: George Bush Intercontinental/Houston",249.00,40.00,19.83,1.05,8.93,0.55,9.63,2.00,0.00,1839.00,961.00,81.00,267.00,11.00,519.00
2021,1,AA,American Airlines Inc.,JFK,"New York, NY: John F. Kennedy International",324.00,25.00,12.46,0.00,7.00,2.00,3.54,7.00,1.00,933.00,542.00,0.00,171.00,98.00,122.00
2021,1,AA,American Airlines Inc.,LAS,"Las Vegas, NV: McCarran International",731.00,67.00,29.36,4.13,14.70,2.91,15.90,4.00,1.00,3379.00,1399.00,178.00,481.00,137.00,1184.00
2021,1,AA,American Airlines Inc.,LAX,"Los Angeles, CA: Los Angeles International",1257.00,100.00,52.04,5.03,28.68,0.19,14.06,5.00,1.00,5555.00,3013.00,261.00,894.00,29.00,1358.00
2021,1,AA,American Airlines Inc.,LGA,"New York, NY: LaGuardia",536.00,39.00,20.89,0.47,8.71,0.00,8.92,12.00,0.00,2652.00,1234.00,59.00,442.00,0.00,917.00
2021,1,AA,American Airlines Inc.,MCO,"Orlando, FL: Orlando International",821.00,97.00,37.98,5.49,37.24,1.33,14.96,3.00,0.00,6182.00,2461.00,332.00,2569.00,28.00,792.00
2021,1,AA,American Airlines Inc.,MIA,"Miami, FL: Miami International",2447.00,204.00,107.45,8.57,55.32,1.00,31.66,2.00,4.00,17479.00,11437.00,373.00,2544.00,34.00,3091.00
2021,1,AA,American Airlines Inc.,MSP,"Minneapolis, MN: Minneapolis-St Paul International",212.00,20.00,11.58,0.10,3.62,0.67,4.03,1.00,0.00,1462.00,963.00,14.00,130.00,10.00,345.00
2021,1,AA,American Airlines Inc.,ORD,"Chicago, IL: Chicago O'Hare International",1832.00,226.00,51.26,22.16,94.50,0.99,57.09,19.00,1.00,34659.00,7258.00,10949.00,8789.00,23.00,7640.00
2021,1,AA,American Airlines Inc.,PHL,"Philadelphia, PA: Philadelphia International",1271.00,113.00,45.49,7.32,37.44,1.00,21.75,10.00,1.00,6820.00,3060.00,243.00,1614.00,82.00,1821.00
2021,1,AA,American Airlines Inc.,PHX,"Phoenix, AZ: Phoenix Sky Harbor International",2540.00,210.00,64.19,6.54,112.34,0.00,26.93,8.00,1.00,14167.00,8550.00,458.00,3031.00,0.00,2128.00
2021,1,AA,American Airlines Inc.,SAN,"San Diego, CA: San Diego International",402.00,36.00,10.38,2.66,14.36,1.00,7.60,3.00,0.00,1580.00,366.00,147.00,404.00,18.00,645.00
2021,1,AA,American Airlines Inc.,SEA,"Seattle, WA: Seattle/Tacoma International",330.00,22.00,5.53,1.11,8.81,0.00,6.55,2.00,0.00,933.00,261.00,68.00,225.00,0.00,379.00
2021,1,AA,American Airlines Inc.,SFO,"San Francisco, CA: San Francisco International",411.00,52.00,15.67,2.35,25.01,1.00,7.97,1.00,2.00,2594.00,940.00,235.00,643.00,24.00,752.00
2021,1,AA,American Airlines Inc.,SLC,"Salt Lake City, UT: Salt Lake City International",223.00,26.00,14.08,0.41,6.04,0.73,4.73,1.00,0.00,1446.00,725.00,49.00,239.00,11.00,422.00
2021,1,AA,American Airlines Inc.,TPA,"Tampa, FL: Tampa International",552.00,68.00,30.20,2.86,21.56,0.07,13.31,2.00,0.00,3989.00,1489.00,90.00,1402.00,7.00,1001.00
2021,1,AS,Alaska Airlines Inc.,ATL,"Atlanta, GA: Hartsfield-Jackson Atlanta International",31.00,4.00,1.00,0.00,3.00,0.00,0.00,0.00,0.00,96.00,32.00,0.00,64.00,0.00,0.00
2021,1,AS,Alaska Airlines Inc.,BNA,"Nashville, TN: Nashville International",35.00,3.00,1.49,0.00,1.51,0.00,0.00,0.00,0.00,77.00,43.00,0.00,34.00,0.00,0.00
2021,1,AS,Alaska Airlines Inc.,BOS,"Boston, MA: Logan International",43.00,7.00,0.91,0.00,5.63,0.00,0.46,0.00,0.00,158.00,23.00,0.00,124.00,0.00,11.00
2021,1,AS,Alaska Airlines Inc.,BWI,"Baltimore, MD: Baltimore/Washington International Thurgood Marshall",31.00,4.00,1.00,1.00,2.00,0.00,0.00,0.00,0.00,125.00,15.00,38.00,72.00,0.00,0.00
2021,1,AS,Alaska Airlines Inc.,DAL,"Dallas, TX: Dallas Love Field",31.00,1.00,1.00,0.00,0.00,0.00,0.00,0.00,0.00,18.00,18.00,0.00,0.00,0.00,0.00
2021,1,AS,Alaska Airlines Inc.,DCA,"Washington, DC: Ronald Reagan Washington National",76.00,3.00,1.00,0.00,1.00,0.00,1.00,1.00,1.00,54.00,15.00,0.00,16.00,0.00,23.00
2021,1,AS,Alaska Airlines Inc.,DEN,"Denver, CO: Denver International",111.00,4.00,2.00,0.00,2.00,0.00,0.00,0.00,0.00,115.00,82.00,0.00,33.00,0.00,0.00
2021,1,AS,Alaska Airlines Inc.,DFW,"Dallas/Fort Worth, TX: Dallas/Fort Worth International",110.00,15.00,2.00,0.74,11.00,0.00,1.26,0.00,0.00,432.00,40.00,30.00,336.00,0.00,26.00
2021,1,AS,Alaska Airlines Inc.,DTW,"Detroit, MI: Detroit Metro Wayne County",16.00,1.00,0.98,0.00,0.02,0.00,0.00,0.00,0.00,56.00,55.00,0.00,1.00,0.00,0.00
2021,1,AS,Alaska Airlines Inc.,EWR,"Newark, NJ: Newark Liberty International",70.00,1.00,0.00,0.00,1.00,0.00,0.00,0.00,0.00,23.00,0.00,0.00,23.00,0.00,0.00
2021,1,AS,Alaska Airlines Inc.,FLL,"Fort Lauderdale, FL: Fort Lauderdale-Hollywood International",147.00,4.00,2.00,0.00,2.00,0.00,0.00,1.00,0.00,103.00,59.00,0.00,44.00,0.00,0.00
2021,1,AS,Alaska Airlines Inc.,IAD,"Washington, DC: Washington Dulles International",31.00,4.00,1.92,0.00,2.08,0.00,0.00,1.00,0.00,133.00,83.00,0.00,50.00,0.00,0.00
2021,1,AS,Alaska Airlines Inc.,IAH,"Houston, TX: George Bush Intercontinental/Houston",31.00,2.00,0.95,0.00,1.05,0.00,0.00,0.00,0.00,99.00,74.00,0.00,25.00,0.00,0.00
2021,1,AS,Alaska Airlines Inc.,JFK,"New York, NY: John F. Kennedy International",45.00,3.00,1.53,0.00,1.47,0.00,0.00,1.00,1.00,60.00,26.00,0.00,34.00,0.00,0.00
2021,1,AS,Alaska Airlines Inc.,LAS,"Las Vegas, NV: McCarran International",250.00,5.00,3.00,0.00,2.00,0.00,0.00,3.00,0.00,174.00,130.00,0.00,44.00,0.00,0.00
2021,1,AS,Alaska Airlines Inc.,LAX,"Los Angeles, CA: Los Angeles International",499.00,35.00,13.13,0.00,17.39,0.00,4.48,2.00,0.00,1603.00,1027.00,0.00,474.00,0.00,102.00
2021,1,AS,Alaska Airlines Inc.,MCO,"Orlando, FL: Orlando International",115.00,9.00,5.06,0.74,2.54,0.00,0.67,0.00,0.00,435.00,344.00,14.00,59.00,0.00,18.00
2021,1,AS,Alaska Airlines Inc.,MSP,"Minneapolis, MN: Minneapolis-St Paul International",31.00,2.00,0.61,0.00,1.39,0.00,0.00,0.00,1.00,57.00,17.00,0.00,40.00,0.00,0.00
2021,1,AS,Alaska Airlines Inc.,ORD,"Chicago, IL: Chicago O'Hare International",151.00,10.00,2.00,0.98,6.25,0.00,0.77,2.00,0.00,693.00,110.00,52.00,447.00,0.00,84.00
2021,1,AS,Alaska Airlines Inc.,PHL,"Philadelphia, PA: Philadelphia International",31.00,4.00,1.00,0.00,2.00,1.00,0.00,0.00,0.00,80.00,15.00,0.00,43.00,22.00,0.00
2021,1,AS,Alaska Airlines Inc.,PHX,"Phoenix, AZ: Phoenix Sky Harbor International",272.00,7.00,3.28,0.00,3.72,0.00,0.00,0.00,0.00,166.00,102.00,0.00,64.00,0.00,0.00
2021,1,AS,Alaska Airlines Inc.,SAN,"San Diego, CA: San Diego International",344.00,23.00,10.29,0.00,10.90,0.00,1.81,1.00,0.00,1023.00,702.00,0.00,247.00,0.00,74.00
2021,1,AS,Alaska Airlines Inc.,SEA,"Seattle, WA: Seattle/Tacoma International",3806.00,298.00,75.89,5.19,170.36,1.00,45.56,23.00,4.00,12780.00,4400.00,468.00,4661.00,30.00,3221.00
2021,1,AS,Alaska Airlines Inc.,SFO,"San Francisco, CA: San Francisco International",295.00,11.00,2.99,0.00,5.86,0.00,2.14,3.00,0.00,464.00,143.00,0.00,177.00,0.00,144.00
2021,1,AS,Alaska Airlines Inc.,SLC,"Salt Lake City, UT: Salt Lake City International",27.00,1.00,1.00,0.00,0.00,0.00,0.00,0.00,0.00,27.00,27.00,0.00,0.00,0.00,0.00
2021,1,AS,Alaska Airlines Inc.,TPA,"Tampa, FL: Tampa International",62.00,1.00,0.00,0.00,1.00,0.00,0.00,0.00,0.00,17.00,0.00,0.00,17.00,0.00,0.00
2021,1,B6,JetBlue Airways,ATL,"Atlanta, GA: Hartsfield-Jackson Atlanta International",90.00,10.00,5.26,0.00,2.96,0.00,1.78,4.00,0.00,574.00,290.00,0.00,116.00,0.00,168.00
2021,1,B6,JetBlue Airways,BNA,"Nashville, TN: Nashville International",31.00,7.00,4.26,0.00,2.13,0.00,0.60,0.00,0.00,385.00,305.00,0.00,60.00,0.00,20.00
2021,1,B6,JetBlue Airways,BOS,"Boston, MA: Logan International",1195.00,240.00,76.83,1.16,101.21,0.00,60.81,17.00,1.00,12137.00,4337.00,65.00,3349.00,0.00,4386.00
2021,1,B6,JetBlue Airways,CLT,"Charlotte, NC: Charlotte Douglas International",11.00,0.00,0.00,0.00,0.00,0.00,0.00,0.00,0.00,0.00,0.00,0.00,0.00,0.00,0.00
2021,1,B6,JetBlue Airways,DCA,"Washington, DC: Ronald Reagan Washington National",192.00,34.00,16.36,0.00,9.50,1.18,6.96,8.00,0.00,2213.00,1109.00,0.00,423.00,30.00,651.00
2021,1,B6,JetBlue Airways,DEN,"Denver, CO: Denver International",42.00,6.00,1.84,0.00,3.76,0.00,0.40,0.00,0.00,230.00,76.00,0.00,127.00,0.00,27.00
2021,1,B6,JetBlue Airways,DFW,"Dallas/Fort Worth, TX: Dallas/Fort Worth International",29.00,5.00,1.00,0.00,4.00,0.00,0.00,0.00,0.00,166.00,24.00,0.00,142.00,0.00,0.00
2021,1,B6,JetBlue Airways,DTW,"Detroit, MI: Detroit Metro Wayne County",23.00,2.00,1.00,0.00,1.00,0.00,0.00,0.00,0.00,91.00,64.00,0.00,27.00,0.00,0.00
2021,1,B6,JetBlue Airways,EWR,"Newark, NJ: Newark Liberty International",613.00,128.00,50.75,0.96,49.89,2.62,23.78,14.00,0.00,7015.00,3048.00,396.00,1797.00,124.00,1650.00
2021,1,B6,JetBlue Airways,FLL,"Fort Lauderdale, FL: Fort Lauderdale-Hollywood International",996.00,227.00,72.49,1.00,117.17,1.21,35.13,2.00,1.00,10658.00,4215.00,35.00,4240.00,33.00,2135.00
2021,1,B6,JetBlue Airways,IAH,"Houston, TX: George Bush Intercontinental/Houston",28.00,7.00,2.01,1.00,3.99,0.00,0.00,0.00,0.00,228.00,82.00,15.00,131.00,0.00,0.00
2021,1,B6,JetBlue Airways,JFK,"New York, NY: John F. Kennedy International",1055.00,233.00,88.31,0.99,101.88,1.18,40.64,17.00,1.00,11388.00,4767.00,73.00,3233.00,72.00,3243.00
2021,1,B6,JetBlue Airways,LAS,"Las Vegas, NV: McCarran International",98.00,27.00,9.07,0.00,16.78,0.81,0.35,0.00,0.00,1107.00,566.00,0.00,506.00,21.00,14.00
2021,1,B6,JetBlue Airways,LAX,"Los Angeles, CA: Los Angeles International",405.00,34.00,13.87,0.00,14.20,0.00,5.93,4.00,0.00,1616.00,669.00,0.00,310.00,0.00,637.00
2021,1,B6,JetBlue Airways,LGA,"New York, NY: LaGuardia",64.00,15.00,6.44,0.00,7.29,0.00,1.27,2.00,0.00,672.00,262.00,0.00,224.00,0.00,186.00
2021,1,B6,JetBlue Airways,MCO,"Orlando, FL: Orlando International",795.00,194.00,63.42,0.00,99.02,0.00,31.56,1.00,0.00,9964.00,3968.00,0.00,3750.00,0.00,2246.00
2021,1,B6,JetBlue Airways,MSP,"Minneapolis, MN: Minneapolis-St Paul International",13.00,1.00,0.03,0.00,0.00,0.00,0.97,0.00,0.00,37.00,1.00,0.00,0.00,0.00,36.00
2021,1,B6,JetBlue Airways,ORD,"Chicago, IL: Chicago O'Hare International",51.00,16.00,4.95,0.47,9.73,0.00,0.85,0.00,0.00,1211.00,268.00,46.00,824.00,0.00,73.00
2021,1,B6,JetBlue Airways,PHL,"Philadelphia, PA: Philadelphia International",127.00,27.00,17.75,0.00,5.38,0.00,3.86,3.00,0.00,2332.00,1638.00,0.00,219.00,0.00,475.00
2021,1,B6,JetBlue Airways,PHX,"Phoenix, AZ: Phoenix Sky Harbor International",48.00,14.00,4.65,0.91,7.38,0.00,1.06,0.00,0.00,1137.00,461.00,356.00,268.00,0.00,52.00
2021,1,B6,JetBlue Airways,SAN,"San Diego, CA: San Diego International",53.00,2.00,1.00,0.00,1.00,0.00,0.00,1.00,0.00,78.00,55.00,0.00,23.00,0.00,0.00
2021,1,B6,JetBlue Airways,SEA,"Seattle, WA: Seattle/Tacoma International",20.00,1.00,0.55,0.00,0.20,0.00,0.25,0.00,0.00,40.00,22.00,0.00,8.00,0.00,10.00
2021,1,B6,JetBlue Airways,SFO,"San Francisco, CA: San Francisco International",121.00,11.00,2.07,0.00,8.93,0.00,0.00,3.00,0.00,426.00,167.00,0.00,259.00,0.00,0.00
2021,1,B6,JetBlue Airways,SLC,"Salt Lake City, UT: Salt Lake City International",65.00,12.00,3.31,0.00,8.00,0.00,0.69,0.00,0.00,447.00,219.00,0.00,184.00,0.00,44.00
2021,1,B6,JetBlue Airways,TPA,"Tampa, FL: Tampa International",305.00,74.00,21.89,2.61,39.29,0.00,10.21,4.00,0.00,4608.00,1862.00,237.00,1832.00,0.00,677.00
2021,1,DL,Delta Air Lines Inc.,ATL,"Atlanta, GA: Hartsfield-Jackson Atlanta International",12034.00,931.00,273.00,17.09,440.71,3.67,196.53,15.00,4.00,67775.00,28020.00,2813.00,21933.00,182.00,14827.00
2021,1,DL,Delta Air Lines Inc.,BNA,"Nashville, TN: Nashville International",333.00,30.00,11.56,0.00,11.48,1.00,5.96,0.00,0.00,1174.00,470.00,0.00,345.00,48.00,311.00
2021,1,DL,Delta Air Lines Inc.,BOS,"Boston, MA: Logan International",842.00,103.00,38.58,0.49,45.16,1.00,17.77,3.00,1.00,5538.00,2604.00,34.00,1402.00,74.00,1424.00
2021,1,DL,Delta Air Lines Inc.,BWI,"Baltimore, MD: Baltimore/Washington International Thurgood Marshall",283.00,36.00,13.46,0.00,18.95,0.00,3.58,0.00,0.00,1660.00,697.00,0.00,675.00,0.00,288.00
2021,1,DL,Delta Air Lines Inc.,CLT,"Charlotte, NC: Charlotte Douglas International",288.00,17.00,6.46,0.00,5.07,0.00,5.47,0.00,0.00,800.00,402.00,0.00,224.00,0.00,174.00
2021,1,DL,Delta Air Lines Inc.,DAL,"Dallas, TX: Dallas Love Field",108.00,7.00,2.72,0.00,0.56,0.00,3.72,0.00,0.00,248.00,91.00,0.00,15.00,0.00,142.00
2021,1,DL,Delta Air Lines Inc.,DCA,"Washington, DC: Ronald Reagan Washington National",372.00,33.00,14.01,0.68,11.29,0.00,7.01,3.00,0.00,1416.00,573.00,39.00,383.00,0.00,421.00
2021,1,DL,Delta Air Lines Inc.,DEN,"Denver, CO: Denver International",766.00,66.00,30.78,0.74,30.13,0.00,4.36,1.00,0.00,2368.00,1378.00,22.00,749.00,0.00,219.00
2021,1,DL,Delta Air Lines Inc.,DFW,"Dallas/Fort Worth, TX: Dallas/Fort Worth International",526.00,93.00,18.45,2.60,65.53,0.00,6.42,0.00,1.00,4214.00,923.00,215.00,2673.00,0.00,403.00
2021,1,DL,Delta Air Lines Inc.,DTW,"Detroit, MI: Detroit Metro Wayne County",2925.00,258.00,74.78,4.03,118.77,0.00,60.42,4.00,0.00,14449.00,5449.00,191.00,3868.00,0.00,4941.00
2021,1,DL,Delta Air Lines Inc.,EWR,"Newark, NJ: Newark Liberty International",239.00,18.00,7.48,0.00,8.03,0.00,2.49,2.00,1.00,662.00,285.00,0.00,233.00,0.00,144.00
2021,1,DL,Delta Air Lines Inc.,FLL,"Fort Lauderdale, FL: Fort Lauderdale-Hollywood International",999.00,146.00,56.73,0.56,64.70,0.75,23.26,1.00,0.00,8936.00,4274.00,55.00,3249.00,49.00,1309.00
2021,1,DL,Delta Air Lines Inc.,IAD,"Washington, DC: Washington Dulles International",131.00,9.00,1.93,1.00,4.34,0.00,1.73,2.00,0.00,426.00,106.00,76.00,134.00,0.00,110.00
2021,1,DL,Delta Air Lines Inc.,IAH,"Houston, TX: George Bush Intercontinental/Houston",280.00,31.00,15.94,0.00,9.29,0.00,5.78,0.00,0.00,1487.00,779.00,0.00,255.00,0.00,453.00
2021,1,DL,Delta Air Lines Inc.,JFK,"New York, NY: John F. Kennedy International",1331.00,121.00,49.11,1.50,37.54,1.00,31.85,18.00,0.00,13538.00,6951.00,378.00,2389.00,28.00,3792.00
2021,1,DL,Delta Air Lines Inc.,LAS,"Las Vegas, NV: McCarran International",853.00,75.00,23.71,0.99,41.93,0.00,8.38,0.00,1.00,3525.00,1761.00,173.00,1157.00,0.00,434.00
2021,1,DL,Delta Air Lines Inc.,LAX,"Los Angeles, CA: Los Angeles International",1844.00,148.00,46.07,0.19,88.65,1.00,12.08,3.00,2.00,7455.00,3706.00,60.00,2652.00,111.00,926.00
2021,1,DL,Delta Air Lines Inc.,LGA,"New York, NY: LaGuardia",979.00,113.00,45.26,1.00,37.23,0.77,28.75,9.00,1.00,10472.00,6084.00,33.00,1833.00,49.00,2473.00
2021,1,DL,Delta Air Lines Inc.,MCO,"Orlando, FL: Orlando International",1356.00,137.00,50.39,1.38,58.96,1.00,25.26,3.00,1.00,10050.00,4874.00,83.00,3248.00,32.00,1813.00
2021,1,DL,Delta Air Lines Inc.,MIA,"Miami, FL: Miami International",639.00,61.00,25.98,1.49,27.41,0.00,6.12,0.00,0.00,4967.00,2533.00,103.00,1817.00,0.00,514.00
2021,1,DL,Delta Air Lines Inc.,MSP,"Minneapolis, MN: Minneapolis-St Paul International",2978.00,245.00,87.24,4.19,113.10,0.00,40.46,2.00,1.00,20858.00,10720.00,1378.00,3664.00,0.00,5096.00
2021,1,DL,Delta Air Lines Inc.,ORD,"Chicago, IL: Chicago O'Hare International",285.00,41.00,10.01,0.99,22.80,0.00,7.20,0.00,0.00,3742.00,768.00,562.00,1667.00,0.00,745.00
2021,1,DL,Delta Air Lines Inc.,PHL,"Philadelphia, PA: Philadelphia International",237.00,22.00,7.36,0.00,10.13,0.00,4.51,0.00,0.00,1401.00,666.00,0.00,292.00,0.00,443.00
2021,1,DL,Delta Air Lines Inc.,PHX,"Phoenix, AZ: Phoenix Sky Harbor International",817.00,93.00,33.38,2.00,54.59,0.00,3.04,0.00,1.00,4103.00,2402.00,48.00,1548.00,0.00,105.00
2021,1,DL,Delta Air Lines Inc.,SAN,"San Diego, CA: San Diego International",459.00,34.00,8.36,0.00,22.90,0.00,2.74,2.00,0.00,868.00,279.00,0.00,499.00,0.00,90.00
2021,1,DL,Delta Air Lines Inc.,SEA,"Seattle, WA: Seattle/Tacoma International",1572.00,98.00,45.01,0.29,33.35,0.00,19.35,3.00,3.00,7224.00,4572.00,11.00,946.00,0.00,1695.00
2021,1,DL,Delta Air Lines Inc.,SFO,"San Francisco, CA: San Francisco International",503.00,46.00,18.65,0.00,23.93,0.00,3.42,0.00,2.00,2264.00,1458.00,0.00,714.00,0.00,92.00
2021,1,DL,Delta Air Lines Inc.,SLC,"Salt Lake City, UT: Salt Lake City International",3392.00,262.00,96.31,3.94,102.17,0.00,59.58,8.00,3.00,21080.00,11712.00,270.00,3461.00,0.00,5637.00
2021,1,DL,Delta Air Lines Inc.,TPA,"Tampa, FL: Tampa International",1053.00,129.00,47.53,3.73,64.14,0.00,13.59,0.00,0.00,8576.00,4365.00,198.00,3168.00,0.00,845.00
2021,1,F9,Frontier Airlines Inc.,ATL,"Atlanta, GA: Hartsfield-Jackson Atlanta International",169.00,13.00,4.71,0.00,3.33,0.00,4.96,0.00,0.00,560.00,215.00,0.00,107.00,0.00,238.00
2021,1,F9,Frontier Airlines Inc.,BNA,"Nashville, TN: Nashville International",34.00,3.00,0.72,0.00,2.28,0.00,0.00,0.00,0.00,101.00,23.00,0.00,78.00,0.00,0.00
2021,1,F9,Frontier Airlines Inc.,BOS,"Boston, MA: Logan International",15.00,0.00,0.00,0.00,0.00,0.00,0.00,0.00,0.00,0.00,0.00,0.00,0.00,0.00,0.00
2021,1,F9,Frontier Airlines Inc.,BWI,"Baltimore, MD: Baltimore/Washington International Thurgood Marshall",35.00,4.00,2.90,0.00,1.10,0.00,0.00,0.00,0.00,126.00,100.00,0.00,26.00,0.00,0.00
2021,1,F9,Frontier Airlines Inc.,CLT,"Charlotte, NC: Charlotte Douglas International",49.00,4.00,0.93,0.00,3.07,0.00,0.00,0.00,0.00,139.00,40.00,0.00,99.00,0.00,0.00
2021,1,F9,Frontier Airlines Inc.,DCA,"Washington, DC: Ronald Reagan Washington National",62.00,8.00,3.44,0.00,3.56,0.00,1.00,0.00,0.00,296.00,95.00,0.00,80.00,0.00,121.00
2021,1,F9,Frontier Airlines Inc.,DEN,"Denver, CO: Denver International",1305.00,84.00,25.04,3.86,36.84,0.00,18.26,1.00,1.00,4268.00,1550.00,254.00,1234.00,0.00,1230.00
2021,1,F9,Frontier Airlines Inc.,DFW,"Dallas/Fort Worth, TX: Dallas/Fort Worth International",93.00,18.00,2.37,0.00,13.50,0.00,2.12,0.00,0.00,916.00,59.00,0.00,706.00,0.00,151.00
2021,1,F9,Frontier Airlines Inc.,DTW,"Detroit, MI: Detroit Metro Wayne County",38.00,4.00,2.19,0.00,1.81,0.00,0.00,0.00,0.00,318.00,130.00,0.00,188.00,0.00,0.00
2021,1,F9,Frontier Airlines Inc.,EWR,"Newark, NJ: Newark Liberty International",42.00,1.00,0.00,0.00,1.00,0.00,0.00,0.00,0.00,67.00,0.00,0.00,67.00,0.00,0.00
2021,1,F9,Frontier Airlines Inc.,IAD,"Washington, DC: Washington Dulles International",7.00,0.00,0.00,0.00,0.00,0.00,0.00,0.00,0.00,0.00,0.00,0.00,0.00,0.00,0.00
2021,1,F9,Frontier Airlines Inc.,IAH,"Houston, TX: George Bush Intercontinental/Houston",87.00,1.00,0.00,0.00,1.00,0.00,0.00,0.00,0.00,30.00,0.00,0.00,30.00,0.00,0.00
2021,1,F9,Frontier Airlines Inc.,LAS,"Las Vegas, NV: McCarran International",512.00,37.00,9.42,2.95,12.47,0.00,12.16,2.00,0.00,2222.00,580.00,144.00,496.00,0.00,1002.00
2021,1,F9,Frontier Airlines Inc.,LAX,"Los Angeles, CA: Los Angeles International",58.00,3.00,0.32,0.00,2.68,0.00,0.00,0.00,0.00,206.00,8.00,0.00,198.00,0.00,0.00
2021,1,F9,Frontier Airlines Inc.,LGA,"New York, NY: LaGuardia",57.00,5.00,2.98,0.00,0.68,0.00,1.35,0.00,0.00,224.00,147.00,0.00,16.00,0.00,61.00
2021,1,F9,Frontier Airlines Inc.,MCO,"Orlando, FL: Orlando International",834.00,112.00,30.08,2.46,62.70,0.00,16.76,5.00,0.00,5910.00,1410.00,431.00,2761.00,0.00,1308.00
2021,1,F9,Frontier Airlines Inc.,MIA,"Miami, FL: Miami International",189.00,27.00,5.72,0.00,14.15,0.00,7.13,0.00,0.00,1356.00,219.00,0.00,436.00,0.00,701.00
2021,1,F9,Frontier Airlines Inc.,MSP,"Minneapolis, MN: Minneapolis-St Paul International",25.00,2.00,0.87,0.00,0.13,0.00,1.00,0.00,0.00,111.00,41.00,0.00,6.00,0.00,64.00
2021,1,F9,Frontier Airlines Inc.,ORD,"Chicago, IL: Chicago O'Hare International",134.00,17.00,4.50,0.00,8.33,0.00,4.17,0.00,0.00,1262.00,192.00,0.00,537.00,0.00,533.00
2021,1,F9,Frontier Airlines Inc.,PHL,"Philadelphia, PA: Philadelphia International",215.00,23.00,10.40,0.00,8.80,0.00,3.80,1.00,0.00,1216.00,472.00,0.00,391.00,0.00,353.00
2021,1,F9,Frontier Airlines Inc.,PHX,"Phoenix, AZ: Phoenix Sky Harbor International",175.00,11.00,3.76,0.42,5.22,0.00,1.60,0.00,0.00,781.00,265.00,19.00,335.00,0.00,162.00
2021,1,F9,Frontier Airlines Inc.,SAN,"San Diego, CA: San Diego International",80.00,1.00,0.93,0.00,0.07,0.00,0.00,0.00,0.00,46.00,43.00,0.00,3.00,0.00,0.00
2021,1,F9,Frontier Airlines Inc.,SEA,"Seattle, WA: Seattle/Tacoma International",25.00,0.00,0.00,0.00,0.00,0.00,0.00,0.00,0.00,0.00,0.00,0.00,0.00,0.00,0.00
2021,1,F9,Frontier Airlines Inc.,SFO,"San Francisco, CA: San Francisco International",45.00,2.00,0.35,0.00,0.69,0.00,0.97,0.00,0.00,122.00,14.00,0.00,24.00,0.00,84.00
2021,1,F9,Frontier Airlines Inc.,SLC,"Salt Lake City, UT: Salt Lake City International",118.00,1.00,1.00,0.00,0.00,0.00,0.00,0.00,0.00,82.00,82.00,0.00,0.00,0.00,0.00
2021,1,F9,Frontier Airlines Inc.,TPA,"Tampa, FL: Tampa International",132.00,12.00,3.88,0.00,5.35,0.00,2.77,0.00,0.00,863.00,365.00,0.00,319.00,0.00,179.00
2021,1,G4,Allegiant Air,BNA,"Nashville, TN: Nashville International",70.00,16.00,6.14,1.00,4.84,0.00,4.02,4.00,0.00,1408.00,665.00,71.00,550.00,0.00,122.00
2021,1,G4,Allegiant Air,BOS,"Boston, MA: Logan International",9.00,0.00,0.00,0.00,0.00,0.00,0.00,6.00,0.00,0.00,0.00,0.00,0.00,0.00,0.00
2021,1,G4,Allegiant Air,BWI,"Baltimore, MD: Baltimore/Washington International Thurgood Marshall",17.00,1.00,0.01,0.00,0.99,0.00,0.00,2.00,0.00,76.00,1.00,0.00,75.00,0.00,0.00
2021,1,G4,Allegiant Air,DEN,"Denver, CO: Denver International",4.00,1.00,0.00,0.00,0.00,0.00,1.00,3.00,0.00,32.00,0.00,0.00,0.00,0.00,32.00
2021,1,G4,Allegiant Air,EWR,"Newark, NJ: Newark Liberty International",19.00,1.00,1.00,0.00,0.00,0.00,0.00,14.00,0.00,30.00,30.00,0.00,0.00,0.00,0.00
2021,1,G4,Allegiant Air,FLL,"Fort Lauderdale, FL: Fort Lauderdale-Hollywood International",164.00,39.00,3.45,1.43,16.54,0.00,17.58,3.00,0.00,4584.00,186.00,40.00,1037.00,0.00,3321.00
2021,1,G4,Allegiant Air,LAS,"Las Vegas, NV: McCarran International",488.00,46.00,10.17,10.25,14.24,0.00,11.34,18.00,0.00,2870.00,1246.00,347.00,577.00,0.00,700.00
2021,1,G4,Allegiant Air,LAX,"Los Angeles, CA: Los Angeles International",55.00,4.00,0.30,0.00,0.59,0.00,3.10,18.00,0.00,325.00,13.00,0.00,23.00,0.00,289.00
2021,1,G4,Allegiant Air,MDW,"Chicago, IL: Chicago Midway International",18.00,4.00,0.89,0.14,1.97,0.00,1.00,1.00,0.00,173.00,34.00,7.00,114.00,0.00,18.00
2021,1,HA,Hawaiian Airlines Inc.,BOS,"Boston, MA: Logan International",9.00,4.00,4.00,0.00,0.00,0.00,0.00,0.00,0.00,113.00,113.00,0.00,0.00,0.00,0.00
2021,1,HA,Hawaiian Airlines Inc.,JFK,"New York, NY: John F. Kennedy International",14.00,2.00,2.00,0.00,0.00,0.00,0.00,0.00,0.00,57.00,57.00,0.00,0.00,0.00,0.00
2021,1,HA,Hawaiian Airlines Inc.,LAS,"Las Vegas, NV: McCarran International",60.00,5.00,5.00,0.00,0.00,0.00,0.00,0.00,0.00,108.00,108.00,0.00,0.00,0.00,0.00
2021,1,HA,Hawaiian Airlines Inc.,LAX,"Los Angeles, CA: Los Angeles International",74.00,15.00,14.34,0.66,0.00,0.00,0.00,0.00,0.00,419.00,390.00,29.00,0.00,0.00,0.00
2021,1,HA,Hawaiian Airlines Inc.,PHX,"Phoenix, AZ: Phoenix Sky Harbor International",23.00,4.00,4.00,0.00,0.00,0.00,0.00,0.00,0.00,167.00,167.00,0.00,0.00,0.00,0.00
2021,1,HA,Hawaiian Airlines Inc.,SAN,"San Diego, CA: San Diego International",54.00,15.00,15.00,0.00,0.00,0.00,0.00,0.00,0.00,464.00,464.00,0.00,0.00,0.00,0.00
2021,1,HA,Hawaiian Airlines Inc.,SEA,"Seattle, WA: Seattle/Tacoma International",62.00,16.00,15.05,0.00,0.00,0.00,0.95,0.00,0.00,508.00,470.00,0.00,0.00,0.00,38.00
2021,1,HA,Hawaiian Airlines Inc.,SFO,"San Francisco, CA: San Francisco International",54.00,7.00,7.00,0.00,0.00,0.00,0.00,0.00,0.00,197.00,197.00,0.00,0.00,0.00,0.00
2021,1,MQ,Envoy Air,ATL,"Atlanta, GA: Hartsfield-Jackson Atlanta International",8.00,1.00,0.00,0.10,0.00,0.00,0.90,0.00,0.00,100.00,0.00,10.00,0.00,0.00,90.00
2021,1,MQ,Envoy Air,BNA,"Nashville, TN: Nashville International",7.00,0.00,0.00,0.00,0.00,0.00,0.00,0.00,0.00,0.00,0.00,0.00,0.00,0.00,0.00
2021,1,MQ,Envoy Air,BWI,"Baltimore, MD: Baltimore/Washington International Thurgood Marshall",39.00,6.00,0.00,0.89,3.58,0.00,1.53,0.00,0.00,321.00,0.00,79.00,108.00,0.00,134.00
2021,1,MQ,Envoy Air,DCA,"Washington, DC: Ronald Reagan Washington National",9.00,2.00,0.22,0.00,1.00,0.00,0.78,0.00,0.00,70.00,11.00,0.00,20.00,0.00,39.00
2021,1,MQ,Envoy Air,DFW,"Dallas/Fort Worth, TX: Dallas/Fort Worth International",6516.00,1299.00,132.18,106.93,888.91,1.09,169.89,140.00,14.00,79181.00,13595.00,12263.00,41368.00,343.00,11612.00
2021,1,MQ,Envoy Air,DTW,"Detroit, MI: Detroit Metro Wayne County",17.00,2.00,0.00,0.19,1.81,0.00,0.00,1.00,0.00,32.00,0.00,3.00,29.00,0.00,0.00
2021,1,MQ,Envoy Air,EWR,"Newark, NJ: Newark Liberty International",3.00,2.00,0.67,0.00,1.33,0.00,0.00,0.00,0.00,63.00,29.00,0.00,34.00,0.00,0.00
2021,1,MQ,Envoy Air,IAH,"Houston, TX: George Bush Intercontinental/Houston",50.00,10.00,1.77,0.05,6.45,0.00,1.72,0.00,0.00,515.00,35.00,6.00,274.00,0.00,200.00
2021,1,MQ,Envoy Air,MIA,"Miami, FL: Miami International",169.00,15.00,4.48,0.00,5.97,0.00,4.56,0.00,0.00,943.00,275.00,0.00,350.00,0.00,318.00
2021,1,MQ,Envoy Air,MSP,"Minneapolis, MN: Minneapolis-St Paul International",112.00,9.00,0.00,2.29,4.77,0.00,1.94,0.00,1.00,417.00,0.00,84.00,167.00,0.00,166.00
2021,1,MQ,Envoy Air,ORD,"Chicago, IL: Chicago O'Hare International",2064.00,270.00,49.83,24.72,136.83,0.97,57.65,31.00,0.00,23837.00,5758.00,2641.00,10064.00,18.00,5356.00
2021,1,MQ,Envoy Air,PHX,"Phoenix, AZ: Phoenix Sky Harbor International",71.00,1.00,0.16,0.00,0.00,0.00,0.84,0.00,0.00,31.00,5.00,0.00,0.00,0.00,26.00
2021,1,NK,Spirit Air Lines,ATL,"Atlanta, GA: Hartsfield-Jackson Atlanta International",601.00,63.00,15.54,2.78,26.72,0.97,17.00,4.00,0.00,3356.00,883.00,89.00,1507.00,31.00,846.00
2021,1,NK,Spirit Air Lines,BNA,"Nashville, TN: Nashville International",91.00,10.00,2.13,1.00,4.70,0.00,2.17,2.00,0.00,1252.00,245.00,20.00,595.00,0.00,392.00
2021,1,NK,Spirit Air Lines,BOS,"Boston, MA: Logan International",193.00,17.00,2.73,0.00,9.03,0.88,4.36,3.00,0.00,916.00,139.00,0.00,416.00,23.00,338.00
2021,1,NK,Spirit Air Lines,BWI,"Baltimore, MD: Baltimore/Washington International Thurgood Marshall",321.00,29.00,7.68,0.05,16.64,0.93,3.70,6.00,0.00,1243.00,315.00,3.00,679.00,49.00,197.00
2021,1,NK,Spirit Air Lines,CLT,"Charlotte, NC: Charlotte Douglas International",42.00,4.00,0.31,0.00,3.01,0.00,0.68,1.00,0.00,300.00,22.00,0.00,229.00,0.00,49.00
2021,1,NK,Spirit Air Lines,DEN,"Denver, CO: Denver International",93.00,11.00,3.12,0.33,3.55,1.00,3.00,1.00,0.00,502.00,132.00,5.00,124.00,48.00,193.00
2021,1,NK,Spirit Air Lines,DFW,"Dallas/Fort Worth, TX: Dallas/Fort Worth International",400.00,67.00,10.22,0.84,44.52,0.47,10.95,2.00,0.00,3826.00,410.00,28.00,2749.00,34.00,605.00
2021,1,NK,Spirit Air Lines,DTW,"Detroit, MI: Detroit Metro Wayne County",571.00,53.00,19.53,0.00,23.00,0.00,10.46,3.00,0.00,3138.00,1055.00,0.00,1605.00,0.00,478.00
2021,1,NK,Spirit Air Lines,EWR,"Newark, NJ: Newark Liberty International",328.00,28.00,7.05,0.00,18.01,0.18,2.76,2.00,1.00,1812.00,442.00,0.00,1141.00,6.00,223.00
2021,1,NK,Spirit Air Lines,FLL,"Fort Lauderdale, FL: Fort Lauderdale-Hollywood International",1568.00,127.00,26.09,1.02,76.60,1.47,21.82,13.00,4.00,7447.00,1326.00,55.00,4805.00,51.00,1210.00
2021,1,NK,Spirit Air Lines,IAH,"Houston, TX: George Bush Intercontinental/Houston",437.00,44.00,7.75,1.67,29.13,0.07,5.38,2.00,0.00,2328.00,363.00,80.00,1584.00,9.00,292.00
2021,1,NK,Spirit Air Lines,LAS,"Las Vegas, NV: McCarran International",1052.00,80.00,14.12,1.81,43.83,2.88,17.36,4.00,1.00,4056.00,642.00,115.00,1979.00,83.00,1237.00
2021,1,NK,Spirit Air Lines,LAX,"Los Angeles, CA: Los Angeles International",492.00,86.00,15.12,0.79,60.95,0.92,8.22,8.00,0.00,3172.00,736.00,18.00,1839.00,54.00,525.00
2021,1,NK,Spirit Air Lines,LGA,"New York, NY: LaGuardia",177.00,25.00,5.38,0.00,17.33,1.56,0.74,2.00,0.00,942.00,120.00,0.00,765.00,43.00,14.00
2021,1,NK,Spirit Air Lines,MCO,"Orlando, FL: Orlando International",1179.00,122.00,20.75,5.58,79.91,1.05,14.72,9.00,3.00,6813.00,1248.00,266.00,4414.00,18.00,867.00
2021,1,NK,Spirit Air Lines,MSP,"Minneapolis, MN: Minneapolis-St Paul International",104.00,15.00,2.82,0.81,7.90,0.00,3.47,0.00,0.00,840.00,194.00,29.00,456.00,0.00,161.00
2021,1,NK,Spirit Air Lines,ORD,"Chicago, IL: Chicago O'Hare International",394.00,66.00,9.01,1.81,47.75,0.28,7.15,6.00,0.00,5202.00,468.00,551.00,3479.00,13.00,691.00
2021,1,NK,Spirit Air Lines,PHL,"Philadelphia, PA: Philadelphia International",222.00,23.00,3.98,0.00,14.38,1.00,3.65,2.00,1.00,1145.00,124.00,0.00,739.00,15.00,267.00
2021,1,NK,Spirit Air Lines,PHX,"Phoenix, AZ: Phoenix Sky Harbor International",64.00,4.00,0.00,0.38,2.62,0.00,1.00,0.00,0.00,195.00,0.00,23.00,142.00,0.00,30.00
2021,1,NK,Spirit Air Lines,SAN,"San Diego, CA: San Diego International",41.00,1.00,0.00,0.00,1.00,0.00,0.00,0.00,0.00,20.00,0.00,0.00,20.00,0.00,0.00
2021,1,NK,Spirit Air Lines,SEA,"Seattle, WA: Seattle/Tacoma International",36.00,1.00,0.90,0.00,0.10,0.00,0.00,0.00,1.00,21.00,19.00,0.00,2.00,0.00,0.00
2021,1,NK,Spirit Air Lines,TPA,"Tampa, FL: Tampa International",440.00,51.00,10.90,2.04,29.36,0.00,8.71,7.00,0.00,2911.00,645.00,172.00,1566.00,0.00,528.00
2021,1,OH,PSA Airlines Inc.,ATL,"Atlanta, GA: Hartsfield-Jackson Atlanta International",67.00,1.00,0.59,0.00,0.04,0.00,0.38,2.00,0.00,234.00,137.00,0.00,9.00,0.00,88.00
2021,1,OH,PSA Airlines Inc.,BNA,"Nashville, TN: Nashville International",116.00,14.00,3.77,0.00,5.32,0.57,4.34,2.00,1.00,986.00,323.00,0.00,228.00,12.00,423.00
2021,1,OH,PSA Airlines Inc.,BWI,"Baltimore, MD: Baltimore/Washington International Thurgood Marshall",15.00,2.00,0.00,0.00,2.00,0.00,0.00,0.00,0.00,38.00,0.00,0.00,38.00,0.00,0.00
2021,1,OH,PSA Airlines Inc.,CLT,"Charlotte, NC: Charlotte Douglas International",5494.00,632.00,177.63,21.42,257.05,0.24,175.65,176.00,2.00,54255.00,23740.00,2793.00,11228.00,10.00,16484.00
2021,1,OH,PSA Airlines Inc.,DCA,"Washington, DC: Ronald Reagan Washington National",24.00,3.00,1.64,0.00,1.18,0.00,0.19,0.00,0.00,120.00,55.00,0.00,60.00,0.00,5.00
2021,1,OH,PSA Airlines Inc.,DFW,"Dallas/Fort Worth, TX: Dallas/Fort Worth International",29.00,9.00,3.09,0.00,3.65,0.00,2.26,0.00,0.00,1068.00,495.00,0.00,272.00,0.00,301.00
2021,1,OH,PSA Airlines Inc.,DTW,"Detroit, MI: Detroit Metro Wayne County",142.00,11.00,3.35,1.00,2.31,0.00,4.33,4.00,0.00,1523.00,961.00,40.00,128.00,0.00,394.00
2021,1,OH,PSA Airlines Inc.,EWR,"Newark, NJ: Newark Liberty International",1.00,0.00,0.00,0.00,0.00,0.00,0.00,0.00,0.00,0.00,0.00,0.00,0.00,0.00,0.00
2021,1,OH,PSA Airlines Inc.,IAD,"Washington, DC: Washington Dulles International",80.00,14.00,3.39,0.05,7.12,0.00,3.43,4.00,0.00,665.00,183.00,3.00,196.00,0.00,283.00
2021,1,OH,PSA Airlines Inc.,IAH,"Houston, TX: George Bush Intercontinental/Houston",1.00,0.00,0.00,0.00,0.00,0.00,0.00,0.00,0.00,0.00,0.00,0.00,0.00,0.00,0.00
2021,1,OH,PSA Airlines Inc.,PHL,"Philadelphia, PA: Philadelphia International",779.00,96.00,31.50,2.18,37.91,0.00,24.41,21.00,1.00,8203.00,3714.00,182.00,1799.00,0.00,2508.00
2021,1,OO,SkyWest Airlines Inc.,ATL,"Atlanta, GA: Hartsfield-Jackson Atlanta International",70.00,6.00,4.00,1.00,1.00,0.00,0.00,2.00,0.00,188.00,135.00,26.00,27.00,0.00,0.00
2021,1,OO,SkyWest Airlines Inc.,BNA,"Nashville, TN: Nashville International",419.00,62.00,40.00,4.00,4.00,0.00,14.00,8.00,0.00,4230.00,2634.00,186.00,393.00,0.00,1017.00
2021,1,OO,SkyWest Airlines Inc.,BOS,"Boston, MA: Logan International",7.00,2.00,1.00,1.00,0.00,0.00,0.00,0.00,0.00,114.00,71.00,43.00,0.00,0.00,0.00
2021,1,OO,SkyWest Airlines Inc.,BWI,"Baltimore, MD: Baltimore/Washington International Thurgood Marshall",15.00,2.00,1.00,0.00,0.00,0.00,1.00,1.00,0.00,104.00,29.00,0.00,0.00,0.00,75.00
2021,1,OO,SkyWest Airlines Inc.,CLT,"Charlotte, NC: Charlotte Douglas International",162.00,20.00,17.00,2.00,1.00,0.00,0.00,1.00,0.00,747.00,602.00,122.00,23.00,0.00,0.00
2021,1,OO,SkyWest Airlines Inc.,DAL,"Dallas, TX: Dallas Love Field",55.00,3.00,0.00,0.00,0.00,0.00,3.00,0.00,0.00,359.00,0.00,0.00,0.00,0.00,359.00
2021,1,OO,SkyWest Airlines Inc.,DCA,"Washington, DC: Ronald Reagan Washington National",69.00,13.00,12.00,1.00,0.00,0.00,0.00,1.00,0.00,330.00,303.00,27.00,0.00,0.00,0.00
2021,1,OO,SkyWest Airlines Inc.,DEN,"Denver, CO: Denver International",5653.00,551.00,412.00,51.00,11.00,1.00,76.00,49.00,3.00,56859.00,39975.00,7253.00,1154.00,266.00,8211.00
2021,1,OO,SkyWest Airlines Inc.,DFW,"Dallas/Fort Worth, TX: Dallas/Fort Worth International",1953.00,400.00,207.00,50.00,45.00,1.00,97.00,55.00,8.00,41635.00,15447.00,7021.00,5352.00,20.00,13795.00
2021,1,OO,SkyWest Airlines Inc.,DTW,"Detroit, MI: Detroit Metro Wayne County",1004.00,162.00,118.00,35.00,5.00,1.00,3.00,6.00,3.00,13982.00,10382.00,2897.00,544.00,17.00,142.00
2021,1,OO,SkyWest Airlines Inc.,FLL,"Fort Lauderdale, FL: Fort Lauderdale-Hollywood International",4.00,1.00,1.00,0.00,0.00,0.00,0.00,0.00,0.00,19.00,19.00,0.00,0.00,0.00,0.00
2021,1,OO,SkyWest Airlines Inc.,IAD,"Washington, DC: Washington Dulles International",220.00,37.00,27.00,4.00,0.00,0.00,6.00,7.00,0.00,3736.00,2946.00,188.00,0.00,0.00,602.00
2021,1,OO,SkyWest Airlines Inc.,IAH,"Houston, TX: George Bush Intercontinental/Houston",1247.00,133.00,98.00,16.00,8.00,0.00,11.00,4.00,0.00,11621.00,8262.00,2044.00,542.00,0.00,773.00
2021,1,OO,SkyWest Airlines Inc.,LAS,"Las Vegas, NV: McCarran International",263.00,15.00,9.00,0.00,0.00,0.00,6.00,0.00,0.00,888.00,509.00,0.00,0.00,0.00,379.00
2021,1,OO,SkyWest Airlines Inc.,LAX,"Los Angeles, CA: Los Angeles International",2622.00,162.00,93.00,30.00,11.00,0.00,28.00,20.00,5.00,12311.00,5486.00,4027.00,912.00,0.00,1886.00
2021,1,OO,SkyWest Airlines Inc.,MSP,"Minneapolis, MN: Minneapolis-St Paul International",2505.00,215.00,171.00,38.00,4.00,0.00,2.00,9.00,3.00,23973.00,17940.00,5698.00,202.00,0.00,133.00
2021,1,OO,SkyWest Airlines Inc.,ORD,"Chicago, IL: Chicago O'Hare International",2497.00,354.00,183.00,32.00,79.00,1.00,59.00,127.00,6.00,35464.00,15862.00,3992.00,9288.00,27.00,6295.00
2021,1,OO,SkyWest Airlines Inc.,PHL,"Philadelphia, PA: Philadelphia International",2.00,1.00,1.00,0.00,0.00,0.00,0.00,0.00,0.00,171.00,171.00,0.00,0.00,0.00,0.00
2021,1,OO,SkyWest Airlines Inc.,PHX,"Phoenix, AZ: Phoenix Sky Harbor International",1921.00,214.00,144.00,18.00,16.00,1.00,35.00,16.00,1.00,17781.00,11364.00,1846.00,642.00,144.00,3785.00
2021,1,OO,SkyWest Airlines Inc.,SAN,"San Diego, CA: San Diego International",537.00,32.00,18.00,2.00,0.00,0.00,12.00,1.00,6.00,2755.00,1514.00,225.00,0.00,0.00,1016.00
2021,1,OO,SkyWest Airlines Inc.,SEA,"Seattle, WA: Seattle/Tacoma International",1718.00,106.00,70.00,21.00,0.00,1.00,14.00,2.00,6.00,9000.00,4689.00,3194.00,0.00,19.00,1098.00
2021,1,OO,SkyWest Airlines Inc.,SFO,"San Francisco, CA: San Francisco International",2334.00,151.00,105.00,12.00,10.00,0.00,24.00,15.00,18.00,12054.00,8472.00,1311.00,429.00,0.00,1842.00
2021,1,OO,SkyWest Airlines Inc.,SLC,"Salt Lake City, UT: Salt Lake City International",3954.00,323.00,218.00,84.00,4.00,1.00,16.00,11.00,0.00,37564.00,23246.00,12479.00,479.00,138.00,1222.00
2021,1,OO,SkyWest Airlines Inc.,TPA,"Tampa, FL: Tampa International",8.00,1.00,1.00,0.00,0.00,0.00,0.00,0.00,0.00,21.00,21.00,0.00,0.00,0.00,0.00
2021,1,QX,Horizon Air,DAL,"Dallas, TX: Dallas Love Field",3.00,0.00,0.00,0.00,0.00,0.00,0.00,0.00,0.00,0.00,0.00,0.00,0.00,0.00,0.00
2021,1,QX,Horizon Air,LAS,"Las Vegas, NV: McCarran International",119.00,5.00,0.00,0.00,1.00,0.00,4.00,0.00,0.00,192.00,0.00,0.00,17.00,0.00,175.00
2021,1,QX,Horizon Air,LAX,"Los Angeles, CA: Los Angeles International",561.00,30.00,11.77,0.00,12.68,0.00,5.54,11.00,0.00,1163.00,572.00,0.00,302.00,0.00,289.00
2021,1,QX,Horizon Air,PHX,"Phoenix, AZ: Phoenix Sky Harbor International",78.00,3.00,2.00,1.00,0.00,0.00,0.00,0.00,0.00,120.00,83.00,37.00,0.00,0.00,0.00
2021,1,QX,Horizon Air,SAN,"San Diego, CA: San Diego International",159.00,11.00,5.24,0.99,3.06,0.00,1.72,3.00,0.00,380.00,177.00,72.00,59.00,0.00,72.00
2021,1,QX,Horizon Air,SEA,"Seattle, WA: Seattle/Tacoma International",2505.00,208.00,74.09,12.40,59.68,0.00,61.83,38.00,3.00,10725.00,4865.00,639.00,1755.00,0.00,3466.00
2021,1,QX,Horizon Air,SFO,"San Francisco, CA: San Francisco International",192.00,16.00,8.27,0.00,6.77,0.00,0.96,3.00,2.00,660.00,471.00,0.00,162.00,0.00,27.00
2021,1,QX,Horizon Air,SLC,"Salt Lake City, UT: Salt Lake City International",62.00,3.00,1.00,0.00,1.00,0.00,1.00,1.00,0.00,66.00,22.00,0.00,20.00,0.00,24.00
2021,1,UA,United Air Lines Inc.,ATL,"Atlanta, GA: Hartsfield-Jackson Atlanta International",129.00,10.00,4.41,0.88,3.62,0.00,1.09,0.00,0.00,325.00,131.00,60.00,83.00,0.00,51.00
2021,1,UA,United Air Lines Inc.,BNA,"Nashville, TN: Nashville International",29.00,1.00,0.31,0.00,0.00,0.00,0.69,0.00,0.00,71.00,22.00,0.00,0.00,0.00,49.00
2021,1,UA,United Air Lines Inc.,BOS,"Boston, MA: Logan International",370.00,39.00,16.01,0.92,14.35,0.00,7.73,2.00,0.00,2478.00,633.00,127.00,464.00,0.00,1254.00
2021,1,UA,United Air Lines Inc.,BWI,"Baltimore, MD: Baltimore/Washington International Thurgood Marshall",69.00,6.00,4.37,0.00,1.20,0.00,0.44,2.00,0.00,349.00,244.00,0.00,34.00,0.00,71.00
2021,1,UA,United Air Lines Inc.,CLT,"Charlotte, NC: Charlotte Douglas International",64.00,10.00,5.13,0.64,2.36,0.00,1.88,0.00,0.00,413.00,202.00,71.00,75.00,0.00,65.00
2021,1,UA,United Air Lines Inc.,DCA,"Washington, DC: Ronald Reagan Washington National",60.00,6.00,3.00,0.00,2.17,0.00,0.83,2.00,0.00,144.00,59.00,0.00,61.00,0.00,24.00
2021,1,UA,United Air Lines Inc.,DEN,"Denver, CO: Denver International",3775.00,234.00,71.68,5.99,108.16,0.00,48.17,14.00,2.00,14177.00,4831.00,401.00,4655.00,0.00,4290.00
2021,1,UA,United Air Lines Inc.,DFW,"Dallas/Fort Worth, TX: Dallas/Fort Worth International",166.00,23.00,5.35,1.56,10.43,0.00,5.66,2.00,0.00,1226.00,340.00,148.00,402.00,0.00,336.00
2021,1,UA,United Air Lines Inc.,DTW,"Detroit, MI: Detroit Metro Wayne County",2.00,0.00,0.00,0.00,0.00,0.00,0.00,0.00,0.00,0.00,0.00,0.00,0.00,0.00,0.00
2021,1,UA,United Air Lines Inc.,EWR,"Newark, NJ: Newark Liberty International",1955.00,160.00,62.38,1.16,54.64,0.00,41.82,23.00,1.00,11478.00,4259.00,145.00,3025.00,0.00,4049.00
2021,1,UA,United Air Lines Inc.,FLL,"Fort Lauderdale, FL: Fort Lauderdale-Hollywood International",504.00,46.00,13.83,1.28,20.91,0.00,9.99,2.00,2.00,2530.00,624.00,67.00,1224.00,0.00,615.00
2021,1,UA,United Air Lines Inc.,IAD,"Washington, DC: Washington Dulles International",1190.00,121.00,53.42,1.66,49.76,0.00,16.17,17.00,2.00,5910.00,2830.00,169.00,1380.00,0.00,1531.00
2021,1,UA,United Air Lines Inc.,IAH,"Houston, TX: George Bush Intercontinental/Houston",2546.00,170.00,61.65,2.98,72.31,0.00,33.06,3.00,3.00,9093.00,3765.00,286.00,2573.00,0.00,2469.00
2021,1,UA,United Air Lines Inc.,LAS,"Las Vegas, NV: McCarran International",479.00,34.00,10.27,4.43,13.38,0.00,5.93,4.00,0.00,1555.00,662.00,155.00,434.00,0.00,304.00
2021,1,UA,United Air Lines Inc.,LAX,"Los Angeles, CA: Los Angeles International",986.00,77.00,32.52,1.46,18.74,0.00,24.28,10.00,3.00,5294.00,1865.00,115.00,684.00,0.00,2630.00
2021,1,UA,United Air Lines Inc.,LGA,"New York, NY: LaGuardia",177.00,18.00,2.24,0.13,7.10,0.00,8.53,2.00,0.00,1155.00,135.00,17.00,270.00,0.00,733.00
2021,1,UA,United Air Lines Inc.,MCO,"Orlando, FL: Orlando International",651.00,54.00,10.98,3.08,27.33,0.00,12.61,0.00,0.00,3018.00,376.00,161.00,1744.00,0.00,737.00
2021,1,UA,United Air Lines Inc.,MIA,"Miami, FL: Miami International",368.00,45.00,16.28,1.67,18.07,0.00,8.97,1.00,0.00,3260.00,881.00,52.00,1431.00,0.00,896.00
2021,1,UA,United Air Lines Inc.,MSP,"Minneapolis, MN: Minneapolis-St Paul International",121.00,10.00,6.17,0.00,1.77,0.00,2.06,0.00,0.00,540.00,309.00,0.00,61.00,0.00,170.00
2021,1,UA,United Air Lines Inc.,ORD,"Chicago, IL: Chicago O'Hare International",2437.00,311.00,71.22,10.71,192.24,0.00,36.82,40.00,3.00,29693.00,5064.00,4424.00,14789.00,0.00,5416.00
2021,1,UA,United Air Lines Inc.,PHL,"Philadelphia, PA: Philadelphia International",91.00,7.00,4.55,0.00,1.78,0.00,0.67,2.00,0.00,197.00,110.00,0.00,73.00,0.00,14.00
2021,1,UA,United Air Lines Inc.,PHX,"Phoenix, AZ: Phoenix Sky Harbor International",398.00,27.00,16.17,0.97,4.78,0.00,5.07,2.00,0.00,1321.00,986.00,19.00,106.00,0.00,210.00
2021,1,UA,United Air Lines Inc.,SAN,"San Diego, CA: San Diego International",385.00,22.00,9.97,2.99,8.04,0.00,1.00,1.00,0.00,1224.00,456.00,308.00,287.00,0.00,173.00
2021,1,UA,United Air Lines Inc.,SEA,"Seattle, WA: Seattle/Tacoma International",248.00,10.00,3.07,0.46,4.00,0.00,2.47,0.00,0.00,454.00,213.00,18.00,87.00,0.00,136.00
2021,1,UA,United Air Lines Inc.,SFO,"San Francisco, CA: San Francisco International",1551.00,107.00,41.76,2.07,47.44,0.00,15.73,10.00,4.00,4965.00,2348.00,78.00,1217.00,0.00,1322.00
2021,1,UA,United Air Lines Inc.,SLC,"Salt Lake City, UT: Salt Lake City International",120.00,10.00,1.89,0.10,4.56,0.00,3.45,0.00,0.00,740.00,264.00,11.00,154.00,0.00,311.00
2021,1,UA,United Air Lines Inc.,TPA,"Tampa, FL: Tampa International",392.00,43.00,13.70,1.30,22.06,0.00,5.94,1.00,0.00,2618.00,667.00,104.00,1395.00,0.00,452.00
2021,1,WN,Southwest Airlines Co.,ATL,"Atlanta, GA: Hartsfield-Jackson Atlanta International",1933.00,163.00,64.37,0.61,48.51,0.68,48.84,12.00,0.00,8322.00,2997.00,20.00,3104.00,15.00,2186.00
2021,1,WN,Southwest Airlines Co.,BNA,"Nashville, TN: Nashville International",2273.00,185.00,62.26,1.17,60.55,1.32,59.71,11.00,1.00,8280.00,2613.00,120.00,2649.00,42.00,2856.00
2021,1,WN,Southwest Airlines Co.,BOS,"Boston, MA: Logan International",255.00,25.00,14.94,0.00,4.19,0.00,5.87,7.00,0.00,1174.00,759.00,0.00,247.00,0.00,168.00
2021,1,WN,Southwest Airlines Co.,BWI,"Baltimore, MD: Baltimore/Washington International Thurgood Marshall",3653.00,285.00,89.52,2.49,105.05,0.17,87.76,100.00,0.00,14877.00,4716.00,78.00,5110.00,6.00,4967.00
2021,1,WN,Southwest Airlines Co.,CLT,"Charlotte, NC: Charlotte Douglas International",179.00,10.00,5.33,0.00,2.83,0.00,1.84,3.00,0.00,510.00,297.00,0.00,87.00,0.00,126.00
2021,1,WN,Southwest Airlines Co.,DAL,"Dallas, TX: Dallas Love Field",3078.00,184.00,79.82,2.81,44.06,0.27,57.04,53.00,2.00,6540.00,2906.00,176.00,1362.00,10.00,2086.00
2021,1,WN,Southwest Airlines Co.,DCA,"Washington, DC: Ronald Reagan Washington National",346.00,33.00,18.20,0.00,7.18,0.00,7.62,8.00,0.00,1690.00,837.00,0.00,416.00,0.00,437.00
2021,1,WN,Southwest Airlines Co.,DEN,"Denver, CO: Denver International",4841.00,332.00,114.20,2.68,133.13,0.71,81.29,28.00,1.00,11941.00,5023.00,142.00,3353.00,17.00,3406.00
2021,1,WN,Southwest Airlines Co.,DTW,"Detroit, MI: Detroit Metro Wayne County",239.00,35.00,18.29,0.38,4.77,0.71,10.85,5.00,0.00,1313.00,654.00,19.00,154.00,22.00,464.00
2021,1,WN,Southwest Airlines Co.,FLL,"Fort Lauderdale, FL: Fort Lauderdale-Hollywood International",984.00,105.00,44.92,0.83,30.55,0.00,28.70,9.00,0.00,5019.00,1763.00,26.00,1730.00,0.00,1500.00
2021,1,WN,Southwest Airlines Co.,IAD,"Washington, DC: Washington Dulles International",80.00,14.00,7.77,0.00,3.80,0.00,2.43,1.00,0.00,920.00,548.00,0.00,151.00,0.00,221.00
2021,1,WN,Southwest Airlines Co.,LAS,"Las Vegas, NV: McCarran International",2982.00,145.00,57.20,3.00,42.36,1.00,41.44,14.00,1.00,5404.00,2388.00,258.00,1104.00,71.00,1583.00
2021,1,WN,Southwest Airlines Co.,LAX,"Los Angeles, CA: Los Angeles International",1092.00,67.00,26.29,1.18,21.18,0.00,18.36,2.00,3.00,2095.00,801.00,35.00,563.00,0.00,696.00
2021,1,WN,Southwest Airlines Co.,LGA,"New York, NY: LaGuardia",317.00,25.00,12.86,0.00,5.32,0.00,6.82,7.00,0.00,811.00,435.00,0.00,120.00,0.00,256.00
2021,1,WN,Southwest Airlines Co.,MCO,"Orlando, FL: Orlando International",2248.00,208.00,65.70,1.80,69.17,0.00,71.34,18.00,3.00,12051.00,3195.00,134.00,4395.00,0.00,4327.00
2021,1,WN,Southwest Airlines Co.,MDW,"Chicago, IL: Chicago Midway International",3791.00,323.00,109.76,6.07,118.74,0.96,87.46,121.00,7.00,15468.00,5254.00,246.00,5509.00,37.00,4422.00
2021,1,WN,Southwest Airlines Co.,MIA,"Miami, FL: Miami International",297.00,24.00,14.58,0.00,3.84,1.00,4.58,0.00,0.00,1223.00,659.00,0.00,131.00,45.00,388.00
2021,1,WN,Southwest Airlines Co.,MSP,"Minneapolis, MN: Minneapolis-St Paul International",272.00,24.00,9.56,0.00,7.59,0.00,6.85,2.00,1.00,969.00,292.00,0.00,231.00,0.00,446.00
2021,1,WN,Southwest Airlines Co.,PHL,"Philadelphia, PA: Philadelphia International",307.00,30.00,14.47,0.00,5.67,0.00,9.86,7.00,0.00,1475.00,501.00,0.00,168.00,0.00,806.00
2021,1,WN,Southwest Airlines Co.,PHX,"Phoenix, AZ: Phoenix Sky Harbor International",3279.00,233.00,72.33,4.65,97.56,1.00,57.46,21.00,2.00,8093.00,2712.00,187.00,2565.00,20.00,2609.00
2021,1,WN,Southwest Airlines Co.,SAN,"San Diego, CA: San Diego International",1018.00,74.00,29.98,0.28,17.40,0.00,26.34,6.00,4.00,3018.00,1071.00,24.00,500.00,0.00,1423.00
2021,1,WN,Southwest Airlines Co.,SEA,"Seattle, WA: Seattle/Tacoma International",351.00,30.00,13.51,0.00,1.76,0.00,14.72,0.00,0.00,1272.00,578.00,0.00,46.00,0.00,648.00
2021,1,WN,Southwest Airlines Co.,SFO,"San Francisco, CA: San Francisco International",357.00,24.00,6.81,1.00,4.00,0.00,12.19,1.00,1.00,992.00,310.00,15.00,121.00,0.00,546.00
2021,1,WN,Southwest Airlines Co.,SLC,"Salt Lake City, UT: Salt Lake City International",532.00,70.00,34.78,1.00,19.77,0.00,14.45,0.00,0.00,2251.00,1177.00,37.00,531.00,0.00,506.00
2021,1,WN,Southwest Airlines Co.,TPA,"Tampa, FL: Tampa International",1471.00,157.00,60.31,1.20,56.59,0.43,38.46,18.00,1.00,8727.00,3051.00,76.00,3674.00,21.00,1905.00
2021,1,YV,Mesa Airlines Inc.,ATL,"Atlanta, GA: Hartsfield-Jackson Atlanta International",75.00,7.00,3.00,0.00,4.00,0.00,0.00,0.00,0.00,507.00,108.00,0.00,399.00,0.00,0.00
2021,1,YV,Mesa Airlines Inc.,BNA,"Nashville, TN: Nashville International",81.00,2.00,1.00,0.00,1.00,0.00,0.00,0.00,0.00,811.00,735.00,0.00,76.00,0.00,0.00
2021,1,YV,Mesa Airlines Inc.,BOS,"Boston, MA: Logan International",7.00,0.00,0.00,0.00,0.00,0.00,0.00,0.00,0.00,0.00,0.00,0.00,0.00,0.00,0.00
2021,1,YV,Mesa Airlines Inc.,BWI,"Baltimore, MD: Baltimore/Washington International Thurgood Marshall",34.00,2.00,2.00,0.00,0.00,0.00,0.00,0.00,0.00,151.00,151.00,0.00,0.00,0.00,0.00
2021,1,YV,Mesa Airlines Inc.,CLT,"Charlotte, NC: Charlotte Douglas International",62.00,6.00,2.00,1.00,3.00,0.00,0.00,1.00,0.00,1160.00,204.00,876.00,80.00,0.00,0.00
2021,1,YV,Mesa Airlines Inc.,DCA,"Washington, DC: Ronald Reagan Washington National",89.00,6.00,3.00,1.00,2.00,0.00,0.00,2.00,1.00,328.00,150.00,55.00,123.00,0.00,0.00
2021,1,YV,Mesa Airlines Inc.,DFW,"Dallas/Fort Worth, TX: Dallas/Fort Worth International",1985.00,468.00,43.96,54.29,264.23,0.00,105.53,56.00,1.00,31364.00,6055.00,4992.00,12243.00,0.00,8074.00
2021,1,YV,Mesa Airlines Inc.,DTW,"Detroit, MI: Detroit Metro Wayne County",93.00,10.00,5.00,1.00,4.00,0.00,0.00,1.00,1.00,429.00,218.00,81.00,130.00,0.00,0.00
2021,1,YV,Mesa Airlines Inc.,IAD,"Washington, DC: Washington Dulles International",711.00,38.00,14.00,2.00,22.00,0.00,0.00,13.00,0.00,4589.00,2826.00,89.00,1674.00,0.00,0.00
2021,1,YV,Mesa Airlines Inc.,IAH,"Houston, TX: George Bush Intercontinental/Houston",2357.00,145.00,51.00,8.19,82.49,0.00,3.32,9.00,5.00,11658.00,6023.00,521.00,4930.00,0.00,184.00
2021,1,YV,Mesa Airlines Inc.,LGA,"New York, NY: LaGuardia",93.00,3.00,1.00,1.00,1.00,0.00,0.00,2.00,0.00,151.00,19.00,100.00,32.00,0.00,0.00
2021,1,YV,Mesa Airlines Inc.,MSP,"Minneapolis, MN: Minneapolis-St Paul International",62.00,5.00,2.00,0.00,3.00,0.00,0.00,0.00,0.00,263.00,198.00,0.00,65.00,0.00,0.00
2021,1,YV,Mesa Airlines Inc.,PHL,"Philadelphia, PA: Philadelphia International",62.00,3.00,1.00,1.00,1.00,0.00,0.00,1.00,0.00,199.00,82.00,58.00,59.00,0.00,0.00
2021,1,YV,Mesa Airlines Inc.,PHX,"Phoenix, AZ: Phoenix Sky Harbor International",766.00,62.00,14.94,6.26,28.06,0.00,12.74,11.00,1.00,6323.00,3195.00,381.00,720.00,0.00,2027.00
2021,1,YV,Mesa Airlines Inc.,SAN,"San Diego, CA: San Diego International",4.00,0.00,0.00,0.00,0.00,0.00,0.00,0.00,0.00,0.00,0.00,0.00,0.00,0.00,0.00
2021,1,YV,Mesa Airlines Inc.,SLC,"Salt Lake City, UT: Salt Lake City International",27.00,9.00,1.95,0.00,7.05,0.00,0.00,0.00,0.00,305.00,120.00,0.00,185.00,0.00,0.00
2021,1,YX,Republic Airline,ATL,"Atlanta, GA: Hartsfield-Jackson Atlanta International",1386.00,142.00,51.95,4.26,62.95,1.00,21.84,5.00,0.00,9388.00,3796.00,324.00,2332.00,23.00,2913.00
2021,1,YX,Republic Airline,BNA,"Nashville, TN: Nashville International",263.00,14.00,6.35,0.00,4.70,0.00,2.95,0.00,0.00,877.00,456.00,0.00,206.00,0.00,215.00
2021,1,YX,Republic Airline,BOS,"Boston, MA: Logan International",515.00,37.00,10.76,1.72,18.99,0.00,5.53,3.00,0.00,1927.00,656.00,321.00,759.00,0.00,191.00
2021,1,YX,Republic Airline,BWI,"Baltimore, MD: Baltimore/Washington International Thurgood Marshall",19.00,2.00,1.00,0.00,1.00,0.00,0.00,1.00,0.00,44.00,22.00,0.00,22.00,0.00,0.00
2021,1,YX,Republic Airline,CLT,"Charlotte, NC: Charlotte Douglas International",1693.00,151.00,29.55,4.46,84.12,2.00,30.86,20.00,1.00,7142.00,1764.00,187.00,3202.00,135.00,1854.00
2021,1,YX,Republic Airline,DCA,"Washington, DC: Ronald Reagan Washington National",695.00,55.00,14.13,1.11,20.39,0.05,19.31,12.00,0.00,3062.00,733.00,64.00,844.00,4.00,1417.00
2021,1,YX,Republic Airline,DFW,"Dallas/Fort Worth, TX: Dallas/Fort Worth International",98.00,19.00,3.23,0.00,13.79,0.00,1.98,4.00,1.00,1847.00,189.00,0.00,1551.00,0.00,107.00
2021,1,YX,Republic Airline,DTW,"Detroit, MI: Detroit Metro Wayne County",1451.00,103.00,55.38,3.84,34.83,0.00,8.95,5.00,2.00,8509.00,5847.00,497.00,1163.00,0.00,1002.00
2021,1,YX,Republic Airline,EWR,"Newark, NJ: Newark Liberty International",853.00,39.00,8.09,0.34,18.91,0.00,11.66,9.00,0.00,3875.00,1150.00,30.00,704.00,0.00,1991.00
2021,1,YX,Republic Airline,IAD,"Washington, DC: Washington Dulles International",529.00,49.00,14.51,3.24,21.69,0.00,9.57,9.00,2.00,2006.00,753.00,118.00,683.00,0.00,452.00
2021,1,YX,Republic Airline,IAH,"Houston, TX: George Bush Intercontinental/Houston",101.00,8.00,1.66,0.00,5.05,0.00,1.29,1.00,0.00,285.00,108.00,0.00,122.00,0.00,55.00
2021,1,YX,Republic Airline,JFK,"New York, NY: John F. Kennedy International",316.00,23.00,15.97,0.19,5.98,0.00,0.87,1.00,0.00,1969.00,1707.00,3.00,198.00,0.00,61.00
2021,1,YX,Republic Airline,LGA,"New York, NY: LaGuardia",730.00,54.00,16.54,4.02,23.34,1.00,9.11,12.00,0.00,4134.00,724.00,365.00,2081.00,17.00,947.00
2021,1,YX,Republic Airline,MCO,"Orlando, FL: Orlando International",57.00,4.00,1.01,0.00,0.00,0.00,2.99,1.00,1.00,280.00,29.00,0.00,0.00,0.00,251.00
2021,1,YX,Republic Airline,MDW,"Chicago, IL: Chicago Midway International",93.00,13.00,4.20,1.37,4.40,0.00,3.02,0.00,0.00,1460.00,369.00,511.00,382.00,0.00,198.00
2021,1,YX,Republic Airline,MIA,"Miami, FL: Miami International",1024.00,67.00,22.38,3.01,32.64,0.00,8.97,7.00,1.00,4084.00,1471.00,244.00,1775.00,0.00,594.00
2021,1,YX,Republic Airline,MSP,"Minneapolis, MN: Minneapolis-St Paul International",84.00,11.00,2.56,0.44,5.87,0.00,2.13,1.00,0.00,512.00,142.00,7.00,229.00,0.00,134.00
2021,1,YX,Republic Airline,ORD,"Chicago, IL: Chicago O'Hare International",2029.00,208.00,51.06,11.98,110.81,1.65,32.51,78.00,0.00,19545.00,3518.00,3863.00,8406.00,90.00,3668.00
2021,1,YX,Republic Airline,PHL,"Philadelphia, PA: Philadelphia International",1351.00,92.00,26.82,1.77,46.77,0.00,16.64,12.00,1.00,5357.00,1629.00,130.00,2047.00,0.00,1551.00
2021,1,YX,Republic Airline,SLC,"Salt Lake City, UT: Salt Lake City International",9.00,0.00,0.00,0.00,0.00,0.00,0.00,0.00,0.00,0.00,0.00,0.00,0.00,0.00,0.00
2021,1,YX,Republic Airline,TPA,"Tampa, FL: Tampa International",253.00,19.00,6.45,0.02,7.29,0.00,5.24,2.00,0.00,1039.00,418.00,6.00,206.00,0.00,409.00
